{"cameraMode":{"drawMode":0,"name":"Shaded","section":"Shading Mode"},"sceneLighting":true,"audioPlay":false,"sceneViewState":{"showFog":true,"showMaterialUpdate":false,"showSkybox":true,"showFlares":true,"showImageEffects":true,"showParticleSystems":true},"in2DMode":false,"pivot":{"x":52.893733978271487,"y":78.82083129882813,"z":-98.60931396484375},"rotation":{"x":-0.1502092033624649,"y":0.11450684815645218,"z":-0.01751738414168358,"w":-0.9818444848060608},"size":128.36920166015626,"orthographic":true}